method,modality,benchmark,seed,source,ACC,AUC,AUPR,SEN,SPEC,F1,MCC
AMP-BERT,Sequence,benchmark1,32,/home/20T-1/fyh0106/SUCF/baseline/AMP-BERT/protocol_matched_runs/benchmark1_seed32/seed_32/test_metrics.json,0.9080056179775281,0.9594087315364221,0.9624319890562839,0.848314606741573,0.9676966292134831,0.9021657953696787,0.8218890630231902
AMP-BERT,Sequence,benchmark1,37,/home/20T-1/fyh0106/SUCF/baseline/AMP-BERT/protocol_matched_runs/benchmark1_seed37/seed_37/test_metrics.json,0.910814606741573,0.9659498879560662,0.9712992414584571,0.8637640449438202,0.9578651685393258,0.9064112011790715,0.8252913247248088
AMP-BERT,Sequence,benchmark1,42,/home/20T-1/fyh0106/SUCF/baseline/AMP-BERT/protocol_matched_runs/benchmark1_seed42/seed_42/test_metrics.json,0.925561797752809,0.9717276464461558,0.9742212600408255,0.9101123595505618,0.9410112359550562,0.9243937232524965,0.8515301877818002
AMP-BERT,Sequence,benchmark1,47,/home/20T-1/fyh0106/SUCF/baseline/AMP-BERT/protocol_matched_runs/benchmark1_seed47/seed_47/test_metrics.json,0.9220505617977528,0.9715264407903043,0.9751861248226013,0.9171348314606742,0.9269662921348315,0.92166549047283,0.8441419209554569
AMP-BERT,Sequence,benchmark1,52,/home/20T-1/fyh0106/SUCF/baseline/AMP-BERT/protocol_matched_runs/benchmark1_seed52/seed_52/test_metrics.json,0.9199438202247191,0.966489395278374,0.9691311549714615,0.9044943820224719,0.9353932584269663,0.9186875891583453,0.8402888651708195
PepNet,Sequence,benchmark1,32,/home/20T-1/fyh0106/SUCF/outputs/pepnet_same_split/pepnet_same_split_results.csv,0.9234550561797752,0.9823609708370156,0.9844967436932476,0.8904494382022472,0.9564606741573034,0.9208424110384896,0.8487613629803726
PepNet,Sequence,benchmark1,37,/home/20T-1/fyh0106/SUCF/outputs/pepnet_same_split/pepnet_same_split_results.csv,0.9241573033707864,0.9816015181163996,0.9839375434958786,0.8932584269662921,0.9550561797752808,0.9217391304347824,0.8499391018699486
PepNet,Sequence,benchmark1,42,/home/20T-1/fyh0106/SUCF/outputs/pepnet_same_split/pepnet_same_split_results.csv,0.9332865168539326,0.9821380665320034,0.9843668699188076,0.922752808988764,0.9438202247191012,0.9325762952448544,0.8667654059034154
PepNet,Sequence,benchmark1,47,/home/20T-1/fyh0106/SUCF/outputs/pepnet_same_split/pepnet_same_split_results.csv,0.9234550561797752,0.980763161217018,0.9833582762534804,0.8792134831460674,0.9676966292134832,0.919911829537105,0.8502450505334086
PepNet,Sequence,benchmark1,52,/home/20T-1/fyh0106/SUCF/outputs/pepnet_same_split/pepnet_same_split_results.csv,0.925561797752809,0.981980258174473,0.9839991250360466,0.8974719101123596,0.9536516853932584,0.9234104046242774,0.8524699274482634
CARS-AMP,Sequence,benchmark1,32,/home/fyh0106/SUCF/outputs/baselines_2026/cars_amp/benchmark1/seed32/metrics.json,0.8806179775280899,0.9452128834743087,0.9535253797015114,0.8356741573033708,0.925561797752809,0.875,0.7643300298644743
CARS-AMP,Sequence,benchmark1,37,/home/fyh0106/SUCF/outputs/baselines_2026/cars_amp/benchmark1/seed37/metrics.json,0.8742977528089888,0.941780551698018,0.9433640348241931,0.8370786516853933,0.9115168539325843,0.8694383661560905,0.7506781657609932
CARS-AMP,Sequence,benchmark1,42,/home/fyh0106/SUCF/outputs/baselines_2026/cars_amp/benchmark1/seed42/metrics.json,0.8855337078651685,0.9492586952404999,0.9496002469009546,0.8834269662921348,0.8876404494382022,0.8852920478536241,0.7710742603711104
CARS-AMP,Sequence,benchmark1,47,/home/fyh0106/SUCF/outputs/baselines_2026/cars_amp/benchmark1/seed47/metrics.json,0.8834269662921348,0.9466666929680595,0.9438282110091711,0.848314606741573,0.9185393258426966,0.8791848617176127,0.768751829469189
CARS-AMP,Sequence,benchmark1,52,/home/fyh0106/SUCF/outputs/baselines_2026/cars_amp/benchmark1/seed52/metrics.json,0.889747191011236,0.946411240689307,0.9521221656895387,0.8595505617977528,0.9199438202247191,0.8863142650253439,0.7809198252499148
AMPidentifier,Sequence,benchmark1,32,/home/fyh0106/SUCF/outputs/baselines_2026/ampidentifier/benchmark1/seed32/metrics.json,0.8771067415730337,0.9387427408155536,0.9337676537160665,0.8974719101123596,0.8567415730337079,0.8795595320027529,0.7548398677495287
AMPidentifier,Sequence,benchmark1,37,/home/fyh0106/SUCF/outputs/baselines_2026/ampidentifier/benchmark1/seed37/metrics.json,0.8735955056179775,0.938541535159702,0.9350711386704331,0.8932584269662921,0.8539325842696629,0.8760330578512396,0.7477694558880826
AMPidentifier,Sequence,benchmark1,42,/home/fyh0106/SUCF/outputs/baselines_2026/ampidentifier/benchmark1/seed42/metrics.json,0.8742977528089888,0.9388551792702942,0.935449455432657,0.8918539325842697,0.8567415730337079,0.8764665286404417,0.7490573961402955
AMPidentifier,Sequence,benchmark1,47,/home/fyh0106/SUCF/outputs/baselines_2026/ampidentifier/benchmark1/seed47/metrics.json,0.8742977528089888,0.9389656451205657,0.9362468833961766,0.8918539325842697,0.8567415730337079,0.8764665286404417,0.7490573961402955
AMPidentifier,Sequence,benchmark1,52,/home/fyh0106/SUCF/outputs/baselines_2026/ampidentifier/benchmark1/seed52/metrics.json,0.8721910112359551,0.9384606583764676,0.9346423433851252,0.8918539325842697,0.8525280898876404,0.8746556473829201,0.7449582925200824
AMP-CapsNet,Sequence,benchmark1,32,/home/fyh0106/SUCF/outputs/baselines_2026/amp_capsnet/benchmark1/seed32/metrics.json,0.8476123595505618,0.9050920811766192,0.8894434730580794,0.8595505617977528,0.8356741573033708,0.84941013185288,0.6954229716599748
AMP-CapsNet,Sequence,benchmark1,37,/home/fyh0106/SUCF/outputs/baselines_2026/amp_capsnet/benchmark1/seed37/metrics.json,0.8398876404494382,0.8537589950763793,0.8180375693978387,0.8735955056179775,0.8061797752808989,0.8451086956521738,0.681325315221517
AMP-CapsNet,Sequence,benchmark1,42,/home/fyh0106/SUCF/outputs/baselines_2026/amp_capsnet/benchmark1/seed42/metrics.json,0.8588483146067416,0.929574075243025,0.9297784085686762,0.8497191011235955,0.8679775280898876,0.8575478384124734,0.7178162884507919
AMP-CapsNet,Sequence,benchmark1,47,/home/fyh0106/SUCF/outputs/baselines_2026/amp_capsnet/benchmark1/seed47/metrics.json,0.8419943820224719,0.9278322654967808,0.9242385876047068,0.7808988764044944,0.9030898876404494,0.8317127898279731,0.6891528600976172
AMP-CapsNet,Sequence,benchmark1,52,/home/fyh0106/SUCF/outputs/baselines_2026/amp_capsnet/benchmark1/seed52/metrics.json,0.8637640449438202,0.9294182394899634,0.920201180654049,0.8384831460674157,0.8890449438202247,0.8602305475504323,0.7284598378804878
esm-AxP-GDL,Sequence + structure,benchmark1,32,/home/20T-1/fyh0106/SUCF/outputs/esmaxp_gdl_same_split/benchmark1/seed32/metrics.json,0.9304775280898876,0.9731676477086227,0.9799213310785547,0.9058988764044944,0.9550561797752809,0.9287257019438445,0.8619971685347285
esm-AxP-GDL,Sequence + structure,benchmark1,37,/home/20T-1/fyh0106/SUCF/outputs/esmaxp_gdl_same_split/benchmark1/seed37/metrics.json,0.9382022471910112,0.9740198128392881,0.9805075084686437,0.9115168539325843,0.9648876404494382,0.9365079365079364,0.8776553604637426
esm-AxP-GDL,Sequence + structure,benchmark1,42,/home/20T-1/fyh0106/SUCF/outputs/esmaxp_gdl_same_split/benchmark1/seed42/metrics.json,0.9318820224719101,0.9656924630728442,0.9728598394609174,0.9030898876404494,0.9606741573033708,0.9298626174981922,0.8651997147643402
esm-AxP-GDL,Sequence + structure,benchmark1,47,/home/20T-1/fyh0106/SUCF/outputs/esmaxp_gdl_same_split/benchmark1/seed47/metrics.json,0.9325842696629213,0.9699868230021459,0.9786421920267053,0.9241573033707865,0.9410112359550562,0.9320113314447592,0.8652914432536334
esm-AxP-GDL,Sequence + structure,benchmark1,52,/home/20T-1/fyh0106/SUCF/outputs/esmaxp_gdl_same_split/benchmark1/seed52/metrics.json,0.9360955056179775,0.9675003550688045,0.9759149068986543,0.9044943820224719,0.9676966292134831,0.9340101522842639,0.8739382414821081
RCSF-AMP,Sequence + structure,benchmark1,32,/home/20T-1/fyh0106/SUCF/outputs/sequence_warmstart_no_residual_gate_min_screen_20260809/benchmark1_gate_min_0p15_seed32/logs/final_test_results_config_20260809_192535.json,0.9417134831460674,0.9842152190380001,0.9863086979216698,0.9185393258426966,0.9648876404494382,0.9403306973400432,0.8843773717924391
RCSF-AMP,Sequence + structure,benchmark1,37,/home/20T-1/fyh0106/SUCF/outputs/sequence_warmstart_no_residual_gmin015_confirm_20260809/benchmark1_no_residual_seed37/logs/final_test_results_config_20260809_230936.json,0.9403089887640449,0.9843749999999999,0.9862819440815334,0.9213483146067416,0.9592696629213483,0.9391553328561203,0.8812518381866333
RCSF-AMP,Sequence + structure,benchmark1,42,/home/20T-1/fyh0106/SUCF/outputs/sequence_warmstart_no_residual_gate_min_screen_20260809/benchmark1_gate_min_0p15_seed42/logs/final_test_results_config_20260809_192535.json,0.9424157303370787,0.9842507259184446,0.9859122399417478,0.9199438202247191,0.9648876404494382,0.9410919540229885,0.8857264731277037
RCSF-AMP,Sequence + structure,benchmark1,47,/home/20T-1/fyh0106/SUCF/outputs/sequence_warmstart_no_residual_gmin015_confirm_20260809/benchmark1_no_residual_seed47/logs/final_test_results_config_20260809_230936.json,0.9410112359550562,0.9837792734503219,0.9855827200949453,0.9283707865168539,0.9536516853932584,0.9402560455192034,0.8823044678882144
RCSF-AMP,Sequence + structure,benchmark1,52,/home/20T-1/fyh0106/SUCF/outputs/sequence_warmstart_no_residual_gate_min_screen_20260809/benchmark1_gate_min_0p15_seed52/logs/final_test_results_config_20260809_192535.json,0.9389044943820225,0.9836628897866431,0.9858283325208402,0.9185393258426966,0.9592696629213483,0.9376344086021505,0.8785380211237531
AMP-BERT,Sequence,benchmark2,32,/home/20T-1/fyh0106/SUCF/baseline/AMP-BERT/protocol_matched_runs/benchmark2_seed32/seed_32/test_metrics.json,0.8309677419354838,0.9057384596496971,0.9338528786275676,0.8355704697986577,0.8246951219512195,0.8507972665148064,0.6565858100487436
AMP-BERT,Sequence,benchmark2,37,/home/20T-1/fyh0106/SUCF/baseline/AMP-BERT/protocol_matched_runs/benchmark2_seed37/seed_37/test_metrics.json,0.8522580645161291,0.9272512890816828,0.9477381121121912,0.8814317673378076,0.8125,0.8731301939058171,0.6965107615210547
AMP-BERT,Sequence,benchmark2,42,/home/20T-1/fyh0106/SUCF/baseline/AMP-BERT/protocol_matched_runs/benchmark2_seed42/seed_42/test_metrics.json,0.8419354838709677,0.9146946786162493,0.9305783616294827,0.8042505592841164,0.8932926829268293,0.8544266191325015,0.689383658930081
AMP-BERT,Sequence,benchmark2,47,/home/20T-1/fyh0106/SUCF/baseline/AMP-BERT/protocol_matched_runs/benchmark2_seed47/seed_47/test_metrics.json,0.8587096774193549,0.9295157076990234,0.955054773533526,0.8635346756152126,0.8521341463414634,0.8757799205899036,0.7124417020714342
AMP-BERT,Sequence,benchmark2,52,/home/20T-1/fyh0106/SUCF/baseline/AMP-BERT/protocol_matched_runs/benchmark2_seed52/seed_52/test_metrics.json,0.8458064516129032,0.8479488937087356,0.8371767322058763,0.8512304250559284,0.8384146341463414,0.8642816581487791,0.6863196094180424
PepNet,Sequence,benchmark2,32,/home/20T-1/fyh0106/SUCF/outputs/pepnet_same_split/pepnet_same_split_results.csv,0.8638709677419355,0.944179011840454,0.962840524808771,0.8736017897091722,0.850609756097561,0.8809926677946982,0.7221550054053949
PepNet,Sequence,benchmark2,37,/home/20T-1/fyh0106/SUCF/outputs/pepnet_same_split/pepnet_same_split_results.csv,0.8696774193548387,0.9452890544006112,0.9638310483348276,0.8847874720357942,0.8490853658536586,0.8867713004484304,0.7332879052763557
PepNet,Sequence,benchmark2,42,/home/20T-1/fyh0106/SUCF/outputs/pepnet_same_split/pepnet_same_split_results.csv,0.8567741935483871,0.9319838898892346,0.956880484755606,0.8680089485458613,0.8414634146341463,0.874859075535513,0.7075830554160903
PepNet,Sequence,benchmark2,47,/home/20T-1/fyh0106/SUCF/outputs/pepnet_same_split/pepnet_same_split_results.csv,0.8593548387096774,0.942388620614394,0.9622212072312512,0.8557046979865772,0.864329268292683,0.8752860411899315,0.7152207535622079
PepNet,Sequence,benchmark2,52,/home/20T-1/fyh0106/SUCF/outputs/pepnet_same_split/pepnet_same_split_results.csv,0.8606451612903225,0.9425932367545152,0.9617062728652204,0.8456375838926175,0.8810975609756098,0.875,0.7202069463024412
CARS-AMP,Sequence,benchmark2,32,/home/fyh0106/SUCF/outputs/baselines_2026/cars_amp/benchmark2/seed32/metrics.json,0.7896774193548387,0.8736375975336935,0.9179022292386123,0.7684563758389261,0.8185975609756098,0.8082352941176469,0.580556771845904
CARS-AMP,Sequence,benchmark2,37,/home/fyh0106/SUCF/outputs/baselines_2026/cars_amp/benchmark2/seed37/metrics.json,0.7670967741935484,0.8527377639548208,0.9049375671186394,0.7013422818791947,0.8567073170731707,0.7764705882352941,0.5527752400000112
CARS-AMP,Sequence,benchmark2,42,/home/fyh0106/SUCF/outputs/baselines_2026/cars_amp/benchmark2/seed42/metrics.json,0.775483870967742,0.8537557292519233,0.9055024002578514,0.7203579418344519,0.850609756097561,0.7872860635696821,0.5647088384962442
CARS-AMP,Sequence,benchmark2,47,/home/fyh0106/SUCF/outputs/baselines_2026/cars_amp/benchmark2/seed47/metrics.json,0.7741935483870968,0.8646072052163474,0.907981937257474,0.7404921700223713,0.8201219512195121,0.7909199522102748,0.5539774005704877
CARS-AMP,Sequence,benchmark2,52,/home/fyh0106/SUCF/outputs/baselines_2026/cars_amp/benchmark2/seed52/metrics.json,0.787741935483871,0.8728754024117422,0.9205123925369776,0.7192393736017897,0.8810975609756098,0.7962848297213623,0.5946629004211856
AMPidentifier,Sequence,benchmark2,32,/home/fyh0106/SUCF/outputs/baselines_2026/ampidentifier/benchmark2/seed32/metrics.json,0.7787096774193548,0.8695214028482567,0.9118945667027502,0.7427293064876958,0.8277439024390244,0.7947336923997608,0.5637099183909103
AMPidentifier,Sequence,benchmark2,37,/home/fyh0106/SUCF/outputs/baselines_2026/ampidentifier/benchmark2/seed37/metrics.json,0.7741935483870968,0.8686381431767337,0.9114989410787838,0.7393736017897091,0.8216463414634146,0.7906698564593301,0.5543710341568073
AMPidentifier,Sequence,benchmark2,42,/home/fyh0106/SUCF/outputs/baselines_2026/ampidentifier/benchmark2/seed42/metrics.json,0.7793548387096774,0.86940886397119,0.9116060665252685,0.7416107382550335,0.8307926829268293,0.7949640287769785,0.5656158342852209
AMPidentifier,Sequence,benchmark2,47,/home/fyh0106/SUCF/outputs/baselines_2026/ampidentifier/benchmark2/seed47/metrics.json,0.7761290322580645,0.8692571070006003,0.9120678721139607,0.7393736017897091,0.8262195121951219,0.7920910724985021,0.5588858187795726
AMPidentifier,Sequence,benchmark2,52,/home/fyh0106/SUCF/outputs/baselines_2026/ampidentifier/benchmark2/seed52/metrics.json,0.772258064516129,0.8687268101707862,0.9116004511474185,0.7337807606263982,0.8246951219512195,0.787987987987988,0.5518603402243683
AMP-CapsNet,Sequence,benchmark2,32,/home/fyh0106/SUCF/outputs/baselines_2026/amp_capsnet/benchmark2/seed32/metrics.json,0.7483870967741936,0.8316861734053582,0.8873148712387673,0.6935123042505593,0.823170731707317,0.7607361963190186,0.5112034454342727
AMP-CapsNet,Sequence,benchmark2,37,/home/fyh0106/SUCF/outputs/baselines_2026/amp_capsnet/benchmark2/seed37/metrics.json,0.7503225806451613,0.8152878949091504,0.857625832727122,0.7024608501118568,0.8155487804878049,0.764455264759586,0.5121549165925965
AMP-CapsNet,Sequence,benchmark2,42,/home/fyh0106/SUCF/outputs/baselines_2026/amp_capsnet/benchmark2/seed42/metrics.json,0.7529032258064516,0.8354681617285972,0.8894494252915359,0.7203579418344519,0.7972560975609756,0.7707959305804908,0.5114774249513738
AMP-CapsNet,Sequence,benchmark2,47,/home/fyh0106/SUCF/outputs/baselines_2026/amp_capsnet/benchmark2/seed47/metrics.json,0.7735483870967742,0.8420499809024935,0.893276638619037,0.772930648769575,0.774390243902439,0.7974610502019619,0.542683884411048
AMP-CapsNet,Sequence,benchmark2,52,/home/fyh0106/SUCF/outputs/baselines_2026/amp_capsnet/benchmark2/seed52/metrics.json,0.7554838709677419,0.8296366017351449,0.8860930971974068,0.6823266219239373,0.8551829268292683,0.7629768605378362,0.5333151855784071
esm-AxP-GDL,Sequence + structure,benchmark2,32,/home/20T-1/fyh0106/SUCF/outputs/esmaxp_gdl_same_split/benchmark2/seed32/metrics.json,0.8741935483870967,0.9340189679161892,0.956383760023568,0.8646532438478747,0.8871951219512195,0.8879954049396898,0.7461593260698907
esm-AxP-GDL,Sequence + structure,benchmark2,37,/home/20T-1/fyh0106/SUCF/outputs/esmaxp_gdl_same_split/benchmark2/seed37/metrics.json,0.8703225806451613,0.9431405849293393,0.9641339811776863,0.8702460850111857,0.8704268292682927,0.8856004553215708,0.7366537023158851
esm-AxP-GDL,Sequence + structure,benchmark2,42,/home/20T-1/fyh0106/SUCF/outputs/esmaxp_gdl_same_split/benchmark2/seed42/metrics.json,0.8625806451612903,0.9288472949746276,0.9507533782440002,0.843400447427293,0.8887195121951219,0.8762347472399767,0.7250718136559275
esm-AxP-GDL,Sequence + structure,benchmark2,47,/home/20T-1/fyh0106/SUCF/outputs/esmaxp_gdl_same_split/benchmark2/seed47/metrics.json,0.8832258064516129,0.9331382659464178,0.9542651368478471,0.8791946308724832,0.8887195121951219,0.896748431260696,0.7633043541779423
esm-AxP-GDL,Sequence + structure,benchmark2,52,/home/20T-1/fyh0106/SUCF/outputs/esmaxp_gdl_same_split/benchmark2/seed52/metrics.json,0.8670967741935484,0.9392307115185246,0.9616345252042617,0.8859060402684564,0.8414634146341463,0.8849162011173185,0.7276673008079249
RCSF-AMP,Sequence + structure,benchmark2,32,/home/20T-1/fyh0106/SUCF/outputs/sequence_warmstart_no_residual_gate_min_screen_20260809/benchmark2_gate_min_0p15_seed32/logs/final_test_results_config_20260809_193240.json,0.8851612903225806,0.9525904403339336,0.968881099334699,0.8657718120805369,0.9115853658536586,0.8968713789107764,0.7702246382814771
RCSF-AMP,Sequence + structure,benchmark2,37,/home/20T-1/fyh0106/SUCF/outputs/sequence_warmstart_no_residual_gmin015_confirm_20260809/benchmark2_no_residual_seed37/logs/final_test_results_config_20260809_230937.json,0.8864516129032258,0.9568157636274348,0.9721895470313705,0.8568232662192393,0.926829268292683,0.8969555035128804,0.7753416462050345
RCSF-AMP,Sequence + structure,benchmark2,42,/home/20T-1/fyh0106/SUCF/outputs/sequence_warmstart_no_residual_gate_min_screen_20260809/benchmark2_gate_min_0p15_seed42/logs/final_test_results_config_20260809_193240.json,0.8890322580645161,0.9538215474436623,0.9708628800016792,0.8791946308724832,0.9024390243902439,0.9013761467889908,0.7760066572230622
RCSF-AMP,Sequence + structure,benchmark2,47,/home/20T-1/fyh0106/SUCF/outputs/sequence_warmstart_no_residual_gmin015_confirm_20260809/benchmark2_no_residual_seed47/logs/final_test_results_config_20260809_230937.json,0.8838709677419355,0.9542529464724177,0.9698761763395497,0.8758389261744967,0.8948170731707317,0.8969072164948453,0.7653035607925854
RCSF-AMP,Sequence + structure,benchmark2,52,/home/20T-1/fyh0106/SUCF/outputs/sequence_warmstart_no_residual_gate_min_screen_20260809/benchmark2_gate_min_0p15_seed52/logs/final_test_results_config_20260809_193240.json,0.8825806451612903,0.9534464178534403,0.9696843958568894,0.8635346756152126,0.9085365853658537,0.8945538818076477,0.7649872215716587
